Name,Phone
Scott Smith,5183190236
Joshua Cummings MD,653-111-0628
Patricia Mendez,(846)493-0222
Caleb Rivera,+1-036-934-8285
Joseph Anderson,609-524-8942
Timothy Cisneros,(132)717-9384
Phillip Griffin,001-752-572-9919
Joy Stout,+1-772-578-9856
Robert Wong,(490)064-5960
Paul Howe,001-341-265-8677
Kara Downs,653-580-9786
Larry Buchanan MD,+1-003-196-5029
Mike Gutierrez,001-396-693-8769
Matthew Thompson,756.402.3719
Karen Pierce,8375271303
Aaron Gonzales,914-683-9041
Benjamin Ferguson,+1-335-209-1614
Mark Sampson,0024015764
Matthew Jimenez,965-549-7752
Jessica Long,202-336-7874
Timothy Taylor,044.660.7591
Sean Hall,(385)232-7878
Troy Giles,027.088.9430
Samantha Trujillo,001-986-001-8273
Jennifer Castro,+1-541-008-5228
Maria White,(725)355-0759
Nicole Mendoza,001-667-494-6446
Jacob Evans,+1-669-283-8516
Kimberly Rios,001-912-712-0691
Sarah Hughes,+1-711-858-5716
Robert Carpenter,(929)530-9083
Lawrence Robinson,912-797-8029
Linda Johnson,001-949-120-1776
Mr. Jason Dean,001-855-315-7278
Kimberly Harper,347-081-7620
Karen Bowers,001-770-521-6669
Tara Higgins,001-371-934-4533
Victoria Burke,643-465-0203
Mrs. Michelle Mccoy,5095794137
Danielle Johnson,616.726.9799
Tami Pham,7018311723
Wendy Rojas,001-423-288-8757
Jason Price,293-332-2812
Jasmine Gentry,093-179-9786
Dr. Mark Holloway,(879)689-0576
Chad Hartman,069.061.2467
Larry Harris,(855)996-9679
Michael Ramirez,152.185.0414
Lisa Bennett,(787)686-9949
Richard Jones,756-542-2363
Roy Brown,286-469-2709
Ryan Smith,980-643-6149
Richard Burnett,860.976.0827
Joanna Holloway,391.365.3060
Anna Chavez,724-776-1062
Christopher Alexander,979.082.0809
Lisa Key,001-213-441-9531
Victoria Ross,+1-662-225-8978
Penny Anderson,6119956286
Mary Payne,523.234.5519
Adam Johnson,268-977-6600
Kristina Williams,762.839.8470
Dr. Samantha Simmons DDS,001-296-938-1670
Leslie Price,5818601981
Sarah Rice,182-704-0305
Eric Brewer,+1-732-349-3207
Joseph Patrick,647-132-9613
John Miller,2003902425
Randy Davis,4867223241
Melissa Allen,+1-037-143-5113
Cody Thomas,001-947-604-7109
Cody Jimenez,9158122424
Sherri Martinez,0881623094
Kristi Lane,357-311-4008
Chase Robinson,001-351-377-2300
Edward Perry,874-554-2690
Mrs. Karen Brennan,147-893-1707
Christina Sutton,001-199-312-7879
James Lopez,1959339608
Bonnie Ross,+1-688-942-3372
Melissa Nunez,462-937-9728
Elizabeth Johnson,001-222-881-7306
Adam Santana,001-842-576-8937
Todd Morales,001-386-274-8582
Rebecca Diaz,+1-829-790-0747
Ryan Lowe,(268)800-3560
Charles Ortiz,(459)904-7506
David Peterson,788-834-9597
Eric Diaz,(289)332-1932
Cheryl Morton,954.482.3562
Scott Pace,152.594.6995
Gloria Cooke,(598)544-4880
Johnathan Clark,+1-043-863-2218
Phyllis Young,(058)796-1870
Nicolas Sawyer,+1-555-403-1802
Sheryl Conway,001-224-342-3733
Ricardo Ryan,+1-198-619-5163
Kevin Miller,188.598.1176
Jason Brown,(677)621-7028
Gregory Brown,001-169-968-7247
Sherel Tonne,773-555-1234
